"Well","Omit","Target","Dye","Task","Cq","Quantity","Plate_idx","Sample","Location","Date","FilterType","csv"
"A10",FALSE,"chinookDUDA","SYBR","Standard","20.79785591788587",1e+06,3,NA,NA,NA,NA,NA
"A11",FALSE,"chinookDUDA","SYBR","Unknown","30.974700488071072",974.742842337589,3,"Air060","Issaquah waterfall",20241031,"MCE DI water",1
"B10",FALSE,"chinookDUDA","SYBR","Standard","24.07687753403207",1e+05,3,NA,NA,NA,NA,NA
"B11",FALSE,"chinookDUDA","SYBR","Unknown","Undetermined",NA,3,"SAL112","Issaquah Bridge, field negative",20241028,"Water filter MCE",1
"C10",FALSE,"chinookDUDA","SYBR","Standard","27.565864898948057",10000,3,NA,NA,NA,NA,NA
"C11",FALSE,"chinookDUDA","SYBR","Unknown","23.960312323370196",113751.711801853,3,"SAL113","Issaquah Bridge, Confluence Park, by hand",20241028,"Water filter MCE",1
"D10",FALSE,"chinookDUDA","SYBR","Standard","30.94634920641679",1000,3,NA,NA,NA,NA,NA
"D11",FALSE,"chinookDUDA","SYBR","Unknown","Undetermined",NA,3,"SAL116","Issaquah Dam, field negative",20241031,"Water filter MCE",1
"E10",FALSE,"chinookDUDA","SYBR","Standard","Undetermined",100,3,NA,NA,NA,NA,NA
"E11",FALSE,"chinookDUDA","SYBR","Unknown","24.230923201953907",94669.8533788527,3,"SAL117","Issaquah Dam, by hand",20241031,"Water filter MCE",1
"F10",FALSE,"chinookDUDA","SYBR","Unknown","Undetermined",NA,3,"Air049","Issaquah park bridge",20241028,"Gelatin",1
"F11",FALSE,"chinookDUDA","SYBR","Negative Control","Undetermined",NA,3,NA,NA,NA,NA,NA
"G10",FALSE,"chinookDUDA","SYBR","Unknown","Undetermined",NA,3,"Air050","Issaquah park bridge",20241028,"Gelatin",1
"G11",FALSE,"chinookDUDA","SYBR","Negative Control","Undetermined",NA,3,NA,NA,NA,NA,NA
"H10",FALSE,"chinookDUDA","SYBR","Unknown","Undetermined",NA,3,"Air051","Issaquah park bridge",20241028,"PTFE",1
"H11",FALSE,"chinookDUDA","SYBR","Negative Control","Undetermined",NA,3,NA,NA,NA,NA,NA
"I10",FALSE,"chinookDUDA","SYBR","Unknown","Undetermined",NA,3,"Air052","Issaquah park bridge",20241028,"PTFE",1
"J10",FALSE,"chinookDUDA","SYBR","Unknown","Undetermined",NA,3,"Air053","Issaquah park bridge",20241028,"MCE Air",1
"K10",FALSE,"chinookDUDA","SYBR","Unknown","Undetermined",NA,3,"Air054","Issaquah park bridge",20241028,"MCE DI water",1
"L10",FALSE,"chinookDUDA","SYBR","Unknown","35.335925202827354",50.5454523927367,3,"Air055","Issaquah waterfall",20241031,"Gelatin",1
"M10",FALSE,"chinookDUDA","SYBR","Unknown","Undetermined",NA,3,"Air056","Issaquah waterfall",20241031,"Gelatin",1
"N10",FALSE,"chinookDUDA","SYBR","Unknown","Undetermined",NA,3,"Air057","Issaquah waterfall",20241031,"PTFE",1
"O10",FALSE,"chinookDUDA","SYBR","Unknown","Undetermined",NA,3,"Air058","Issaquah waterfall",20241031,"PTFE",1
"P10",FALSE,"chinookDUDA","SYBR","Unknown","Undetermined",NA,3,"Air059","Issaquah waterfall",20241031,"MCE Air",1
"A10",FALSE,"chinookDUDA","SYBR","Standard","22.098125",1e+06,4,NA,NA,NA,NA,NA
"A11",FALSE,"chinookDUDA","SYBR","Unknown","33.53323",465.8394,4,"Air072","Issaquah waterfall",20241107,"MCE DI water",2
"B10",FALSE,"chinookDUDA","SYBR","Standard","25.374228",1e+05,4,NA,NA,NA,NA,NA
"B11",FALSE,"chinookDUDA","SYBR","Unknown","Undetermined",NA,4,"SAL124","Issaquah Bridge, field negative",20241105,"Water filter MCE",2
"C10",FALSE,"chinookDUDA","SYBR","Standard","28.697287",10000,4,NA,NA,NA,NA,NA
"C11",FALSE,"chinookDUDA","SYBR","Unknown","25.063894",129776.04,4,"SAL125","Issaquah Bridge, Confluence Park, by hand",20241105,"Water filter MCE",2
"D10",FALSE,"chinookDUDA","SYBR","Standard","32.64951",1000,4,NA,NA,NA,NA,NA
"D11",FALSE,"chinookDUDA","SYBR","Unknown","Undetermined",NA,4,"SAL128","Issaquah Dam, field negative",20241107,"Water filter MCE",2
"E10",FALSE,"chinookDUDA","SYBR","Standard","35.780754",100,4,NA,NA,NA,NA,NA
"E11",FALSE,"chinookDUDA","SYBR","Unknown","27.684397",22735.18,4,"SAL129","Issaquah Dam, by hand",20241107,"Water filter MCE",2
"F10",FALSE,"chinookDUDA","SYBR","Unknown","Undetermined",NA,4,"Air061","Issaquah park bridge",20241105,"Gelatin",2
"F11",FALSE,"chinookDUDA","SYBR","Negative Control","Undetermined",NA,4,NA,NA,NA,NA,NA
"G10",FALSE,"chinookDUDA","SYBR","Unknown","Undetermined",NA,4,"Air062","Issaquah park bridge",20241105,"Gelatin",2
"G11",FALSE,"chinookDUDA","SYBR","Negative Control","Undetermined",NA,4,NA,NA,NA,NA,NA
"H10",FALSE,"chinookDUDA","SYBR","Unknown","Undetermined",NA,4,"Air063","Issaquah park bridge",20241105,"PTFE",2
"H11",FALSE,"chinookDUDA","SYBR","Negative Control","Undetermined",NA,4,NA,NA,NA,NA,NA
"I10",FALSE,"chinookDUDA","SYBR","Unknown","Undetermined",NA,4,"Air064","Issaquah park bridge",20241105,"PTFE",2
"J10",FALSE,"chinookDUDA","SYBR","Unknown","Undetermined",NA,4,"Air065","Issaquah park bridge",20241105,"MCE Air",2
"K10",FALSE,"chinookDUDA","SYBR","Unknown","35.31744",142.28659,4,"Air066","Issaquah park bridge",20241105,"MCE DI water",2
"L10",FALSE,"chinookDUDA","SYBR","Unknown","Undetermined",NA,4,"Air067","Issaquah waterfall",20241107,"Gelatin",2
"M10",FALSE,"chinookDUDA","SYBR","Unknown","Undetermined",NA,4,"Air068","Issaquah waterfall",20241107,"Gelatin",2
"N10",FALSE,"chinookDUDA","SYBR","Unknown","Undetermined",NA,4,"Air069","Issaquah waterfall",20241107,"PTFE",2
"O10",FALSE,"chinookDUDA","SYBR","Unknown","Undetermined",NA,4,"Air070","Issaquah waterfall",20241107,"PTFE",2
"P10",FALSE,"chinookDUDA","SYBR","Unknown","Undetermined",NA,4,"Air071","Issaquah waterfall",20241107,"MCE Air",2
"A10",FALSE,"chinookDUDA","SYBR","Standard","20.746054",1e+06,5,NA,NA,NA,NA,NA
"A11",FALSE,"chinookDUDA","SYBR","Unknown","29.898127",2527.979,5,"Air084","Issaquah waterfall",20241114,"MCE DI water",3
"B10",FALSE,"chinookDUDA","SYBR","Standard","24.09239",1e+05,5,NA,NA,NA,NA,NA
"B11",FALSE,"chinookDUDA","SYBR","Unknown","Undetermined",NA,5,"SAL136","Issaquah Bridge, field negative",20241112,"Water filter MCE",3
"C10",FALSE,"chinookDUDA","SYBR","Standard","27.621977",10000,5,NA,NA,NA,NA,NA
"C11",FALSE,"chinookDUDA","SYBR","Unknown","29.211584",3916.791,5,"SAL137","Issaquah Bridge, Confluence Park, by hand",20241112,"Water filter MCE",3
"D10",FALSE,"chinookDUDA","SYBR","Standard","30.80865",1000,5,NA,NA,NA,NA,NA
"D11",FALSE,"chinookDUDA","SYBR","Unknown","Undetermined",NA,5,"SAL140","Issaquah Dam, field negative",20241114,"Water filter MCE",3
"E10",FALSE,"chinookDUDA","SYBR","Standard","35.440205",100,5,NA,NA,NA,NA,NA
"E11",FALSE,"chinookDUDA","SYBR","Unknown","26.446863",22840.005,5,"SAL141","Issaquah Dam, by hand",20241114,"Water filter MCE",3
"F10",FALSE,"chinookDUDA","SYBR","Unknown","Undetermined",NA,5,"Air073","Issaquah park bridge",20241112,"Gelatin",3
"F11",FALSE,"chinookDUDA","SYBR","Negative Control","Undetermined",NA,5,NA,NA,NA,NA,NA
"G10",FALSE,"chinookDUDA","SYBR","Unknown","Undetermined",NA,5,"Air074","Issaquah park bridge",20241112,"Gelatin",3
"G11",FALSE,"chinookDUDA","SYBR","Negative Control","Undetermined",NA,5,NA,NA,NA,NA,NA
"H10",FALSE,"chinookDUDA","SYBR","Unknown","Undetermined",NA,5,"Air075","Issaquah park bridge",20241112,"PTFE",3
"H11",FALSE,"chinookDUDA","SYBR","Negative Control","Undetermined",NA,5,NA,NA,NA,NA,NA
"I10",FALSE,"chinookDUDA","SYBR","Unknown","Undetermined",NA,5,"Air076","Issaquah park bridge",20241112,"PTFE",3
"J10",FALSE,"chinookDUDA","SYBR","Unknown","Undetermined",NA,5,"Air077","Issaquah park bridge",20241112,"MCE Air",3
"K10",FALSE,"chinookDUDA","SYBR","Unknown","34.412746",142.01193,5,"Air078","Issaquah park bridge",20241112,"MCE DI water",3
"L10",FALSE,"chinookDUDA","SYBR","Unknown","Undetermined",NA,5,"Air079","Issaquah waterfall",20241114,"Gelatin",3
"M10",FALSE,"chinookDUDA","SYBR","Unknown","Undetermined",NA,5,"Air080","Issaquah waterfall",20241114,"Gelatin",3
"N10",FALSE,"chinookDUDA","SYBR","Unknown","Undetermined",NA,5,"Air081","Issaquah waterfall",20241114,"PTFE",3
"O10",FALSE,"chinookDUDA","SYBR","Unknown","Undetermined",NA,5,"Air082","Issaquah waterfall",20241114,"PTFE",3
"P10",FALSE,"chinookDUDA","SYBR","Unknown","Undetermined",NA,5,"Air083","Issaquah waterfall",20241114,"MCE Air",3
"A10",FALSE,"chinookDUDA","SYBR","Standard","22.15903",1e+06,6,NA,NA,NA,NA,NA
"A11",FALSE,"chinookDUDA","SYBR","Standard","22.202545",1e+06,6,NA,NA,NA,NA,NA
"B10",FALSE,"chinookDUDA","SYBR","Standard","25.712767",1e+05,6,NA,NA,NA,NA,NA
"B11",FALSE,"chinookDUDA","SYBR","Standard","25.224043",1e+05,6,NA,NA,NA,NA,NA
"C10",FALSE,"chinookDUDA","SYBR","Standard","29.121733",10000,6,NA,NA,NA,NA,NA
"C11",FALSE,"chinookDUDA","SYBR","Standard","29.276125",10000,6,NA,NA,NA,NA,NA
"D10",FALSE,"chinookDUDA","SYBR","Standard","32.57353",1000,6,NA,NA,NA,NA,NA
"D11",FALSE,"chinookDUDA","SYBR","Standard","31.988268",1000,6,NA,NA,NA,NA,NA
"E10",FALSE,"chinookDUDA","SYBR","Standard","Undetermined",100,6,NA,NA,NA,NA,NA
"E11",FALSE,"chinookDUDA","SYBR","Standard","36.171722",100,6,NA,NA,NA,NA,NA
"F10",FALSE,"chinookDUDA","SYBR","Standard","35.451775",10,6,NA,NA,NA,NA,NA
"F11",FALSE,"chinookDUDA","SYBR","Standard","Undetermined",10,6,NA,NA,NA,NA,NA
"G10",FALSE,"chinookDUDA","SYBR","Standard","Undetermined",1,6,NA,NA,NA,NA,NA
"G11",FALSE,"chinookDUDA","SYBR","Standard","Undetermined",1,6,NA,NA,NA,NA,NA
"H10",FALSE,"chinookDUDA","SYBR","Negative Control","Undetermined",NA,6,NA,NA,NA,NA,NA
"A1",FALSE,"chinookDUDA","SYBR","Standard","20.14647969375747",1e+06,8,NA,NA,NA,NA,NA
"A2",FALSE,"chinookDUDA","SYBR","Standard","20.152670025099987",1e+06,8,NA,NA,NA,NA,NA
"A3",FALSE,"chinookDUDA","SYBR","Standard","20.234510754405086",1e+06,8,NA,NA,NA,NA,NA
"A4",FALSE,"chinookDUDA","SYBR","Standard","19.963410190896234",1e+06,8,NA,NA,NA,NA,NA
"A5",FALSE,"chinookDUDA","SYBR","Negative Control","Undetermined",NA,8,NA,NA,NA,NA,NA
"A6",FALSE,"chinookDUDA","SYBR","Negative Control","Undetermined",NA,8,NA,NA,NA,NA,NA
"A7",FALSE,"chinookDUDA","SYBR","Unknown","27.803274730873476",4959.93897318069,8,"Air027","Issaquah waterfall",20240830,"Gelatin",4
"A8",FALSE,"chinookDUDA","SYBR","Unknown","28.149262803371762",3921.7340542964,8,"Air027","Issaquah waterfall",20240830,"Gelatin",4
"A9",FALSE,"chinookDUDA","SYBR","Unknown","28.108220734291358",4032.52853549162,8,"Air027","Issaquah waterfall",20240830,"Gelatin",4
"A10",FALSE,"chinookDUDA","SYBR","Unknown","Undetermined",NA,8,"Air039","Issaquah park bridge",20241022,"PTFE",4
"A11",FALSE,"chinookDUDA","SYBR","Unknown","Undetermined",NA,8,"Air039","Issaquah park bridge",20241022,"PTFE",4
"A12",FALSE,"chinookDUDA","SYBR","Unknown","Undetermined",NA,8,"Air039","Issaquah park bridge",20241022,"PTFE",4
"A13",FALSE,"chinookDUDA","SYBR","Unknown","Undetermined",NA,8,"Air049","Issaquah park bridge",20241028,"Gelatin",4
"A14",FALSE,"chinookDUDA","SYBR","Unknown","Undetermined",NA,8,"Air049","Issaquah park bridge",20241028,"Gelatin",4
"A15",FALSE,"chinookDUDA","SYBR","Unknown","Undetermined",NA,8,"Air049","Issaquah park bridge",20241028,"Gelatin",4
"A16",FALSE,"chinookDUDA","SYBR","Unknown","Undetermined",NA,8,"Air061","Issaquah park bridge",20241105,"Gelatin",4
"A17",FALSE,"chinookDUDA","SYBR","Unknown","Undetermined",NA,8,"Air061","Issaquah park bridge",20241105,"Gelatin",4
"A18",FALSE,"chinookDUDA","SYBR","Unknown","Undetermined",NA,8,"Air061","Issaquah park bridge",20241105,"Gelatin",4
"A19",FALSE,"chinookDUDA","SYBR","Unknown","Undetermined",NA,8,"Air073","Issaquah park bridge",20241112,"Gelatin",4
"A20",FALSE,"chinookDUDA","SYBR","Unknown","Undetermined",NA,8,"Air073","Issaquah park bridge",20241112,"Gelatin",4
"A21",FALSE,"chinookDUDA","SYBR","Unknown","Undetermined",NA,8,"Air073","Issaquah park bridge",20241112,"Gelatin",4
"A22",FALSE,"chinookDUDA","SYBR","Unknown","Undetermined",NA,8,"Air085","Issaquah park bridge",20241119,"Gelatin",4
"A23",FALSE,"chinookDUDA","SYBR","Unknown","Undetermined",NA,8,"Air085","Issaquah park bridge",20241119,"Gelatin",4
"A24",FALSE,"chinookDUDA","SYBR","Unknown","Undetermined",NA,8,"Air085","Issaquah park bridge",20241119,"Gelatin",4
"B1",FALSE,"chinookDUDA","SYBR","Standard","23.43279398401655",1e+05,8,NA,NA,NA,NA,NA
"B2",FALSE,"chinookDUDA","SYBR","Standard","23.298568671073234",1e+05,8,NA,NA,NA,NA,NA
"B3",FALSE,"chinookDUDA","SYBR","Standard","23.2581867202302",1e+05,8,NA,NA,NA,NA,NA
"B4",FALSE,"chinookDUDA","SYBR","Standard","23.464739900333377",1e+05,8,NA,NA,NA,NA,NA
"B5",FALSE,"chinookDUDA","SYBR","Standard","22.886478607712284",1e+05,8,NA,NA,NA,NA,NA
"B6",FALSE,"chinookDUDA","SYBR","Standard","23.485441577146723",1e+05,8,NA,NA,NA,NA,NA
"B7",FALSE,"chinookDUDA","SYBR","Unknown","Undetermined",NA,8,"Air028","Issaquah waterfall",20240830,"PTFE",4
"B8",FALSE,"chinookDUDA","SYBR","Unknown","34.75429898538846",44.2890234139518,8,"Air028","Issaquah waterfall",20240830,"PTFE",4
"B9",FALSE,"chinookDUDA","SYBR","Unknown","Undetermined",NA,8,"Air028","Issaquah waterfall",20240830,"PTFE",4
"B10",FALSE,"chinookDUDA","SYBR","Unknown","Undetermined",NA,8,"Air040","Issaquah park bridge",20241022,"PTFE",4
"B11",FALSE,"chinookDUDA","SYBR","Unknown","Undetermined",NA,8,"Air040","Issaquah park bridge",20241022,"PTFE",4
"B12",FALSE,"chinookDUDA","SYBR","Unknown","Undetermined",NA,8,"Air040","Issaquah park bridge",20241022,"PTFE",4
"B13",FALSE,"chinookDUDA","SYBR","Unknown","Undetermined",NA,8,"Air050","Issaquah park bridge",20241028,"Gelatin",4
"B14",FALSE,"chinookDUDA","SYBR","Unknown","Undetermined",NA,8,"Air050","Issaquah park bridge",20241028,"Gelatin",4
"B15",FALSE,"chinookDUDA","SYBR","Unknown","Undetermined",NA,8,"Air050","Issaquah park bridge",20241028,"Gelatin",4
"B16",FALSE,"chinookDUDA","SYBR","Unknown","Undetermined",NA,8,"Air062","Issaquah park bridge",20241105,"Gelatin",4
"B17",FALSE,"chinookDUDA","SYBR","Unknown","Undetermined",NA,8,"Air062","Issaquah park bridge",20241105,"Gelatin",4
"B18",FALSE,"chinookDUDA","SYBR","Unknown","Undetermined",NA,8,"Air062","Issaquah park bridge",20241105,"Gelatin",4
"B19",FALSE,"chinookDUDA","SYBR","Unknown","35.08513433877309",35.3805819402317,8,"Air074","Issaquah park bridge",20241112,"Gelatin",4
"B20",FALSE,"chinookDUDA","SYBR","Unknown","Undetermined",NA,8,"Air074","Issaquah park bridge",20241112,"Gelatin",4
"B21",FALSE,"chinookDUDA","SYBR","Unknown","Undetermined",NA,8,"Air074","Issaquah park bridge",20241112,"Gelatin",4
"B22",FALSE,"chinookDUDA","SYBR","Unknown","Undetermined",NA,8,"Air086","Issaquah park bridge",20241119,"Gelatin",4
"B23",FALSE,"chinookDUDA","SYBR","Unknown","Undetermined",NA,8,"Air086","Issaquah park bridge",20241119,"Gelatin",4
"B24",FALSE,"chinookDUDA","SYBR","Unknown","Undetermined",NA,8,"Air086","Issaquah park bridge",20241119,"Gelatin",4
"C1",FALSE,"chinookDUDA","SYBR","Standard","26.43437446680594",10000,8,NA,NA,NA,NA,NA
"C2",FALSE,"chinookDUDA","SYBR","Standard","26.69331186326",10000,8,NA,NA,NA,NA,NA
"C3",FALSE,"chinookDUDA","SYBR","Standard","26.552097036596862",10000,8,NA,NA,NA,NA,NA
"C4",FALSE,"chinookDUDA","SYBR","Standard","26.829380782533555",10000,8,NA,NA,NA,NA,NA
"C5",FALSE,"chinookDUDA","SYBR","Standard","26.356628936122064",10000,8,NA,NA,NA,NA,NA
"C6",FALSE,"chinookDUDA","SYBR","Standard","26.782628511858952",10000,8,NA,NA,NA,NA,NA
"C7",FALSE,"chinookDUDA","SYBR","Unknown","31.95460452284013",296.24661305154,8,"Air029","Issaquah waterfall",20240830,"PTFE",4
"C8",FALSE,"chinookDUDA","SYBR","Unknown","34.19899021781926",64.5658078059438,8,"Air029","Issaquah waterfall",20240830,"PTFE",4
"C9",FALSE,"chinookDUDA","SYBR","Unknown","Undetermined",NA,8,"Air029","Issaquah waterfall",20240830,"PTFE",4
"C10",FALSE,"chinookDUDA","SYBR","Unknown","Undetermined",NA,8,"Air041","Issaquah park bridge",20241022,"MCE Air",4
"C11",FALSE,"chinookDUDA","SYBR","Unknown","Undetermined",NA,8,"Air041","Issaquah park bridge",20241022,"MCE Air",4
"C12",FALSE,"chinookDUDA","SYBR","Unknown","Undetermined",NA,8,"Air041","Issaquah park bridge",20241022,"MCE Air",4
"C13",FALSE,"chinookDUDA","SYBR","Unknown","Undetermined",NA,8,"Air051","Issaquah park bridge",20241028,"PTFE",4
"C14",FALSE,"chinookDUDA","SYBR","Unknown","Undetermined",NA,8,"Air051","Issaquah park bridge",20241028,"PTFE",4
"C15",FALSE,"chinookDUDA","SYBR","Unknown","Undetermined",NA,8,"Air051","Issaquah park bridge",20241028,"PTFE",4
"C16",FALSE,"chinookDUDA","SYBR","Unknown","Undetermined",NA,8,"Air063","Issaquah park bridge",20241105,"PTFE",4
"C17",FALSE,"chinookDUDA","SYBR","Unknown","Undetermined",NA,8,"Air063","Issaquah park bridge",20241105,"PTFE",4
"C18",FALSE,"chinookDUDA","SYBR","Unknown","Undetermined",NA,8,"Air063","Issaquah park bridge",20241105,"PTFE",4
"C19",FALSE,"chinookDUDA","SYBR","Unknown","Undetermined",NA,8,"Air075","Issaquah park bridge",20241112,"PTFE",4
"C20",FALSE,"chinookDUDA","SYBR","Unknown","Undetermined",NA,8,"Air075","Issaquah park bridge",20241112,"PTFE",4
"C21",FALSE,"chinookDUDA","SYBR","Unknown","Undetermined",NA,8,"Air075","Issaquah park bridge",20241112,"PTFE",4
"C22",FALSE,"chinookDUDA","SYBR","Unknown","Undetermined",NA,8,"Air087","Issaquah park bridge",20241119,"PTFE",4
"C23",FALSE,"chinookDUDA","SYBR","Unknown","Undetermined",NA,8,"Air087","Issaquah park bridge",20241119,"PTFE",4
"C24",FALSE,"chinookDUDA","SYBR","Unknown","Undetermined",NA,8,"Air087","Issaquah park bridge",20241119,"PTFE",4
"D1",FALSE,"chinookDUDA","SYBR","Standard","30.34141214068773",1000,8,NA,NA,NA,NA,NA
"D2",FALSE,"chinookDUDA","SYBR","Standard","29.7283558690931",1000,8,NA,NA,NA,NA,NA
"D3",FALSE,"chinookDUDA","SYBR","Standard","30.17992232783932",1000,8,NA,NA,NA,NA,NA
"D4",FALSE,"chinookDUDA","SYBR","Standard","30.621433346837037",1000,8,NA,NA,NA,NA,NA
"D5",FALSE,"chinookDUDA","SYBR","Standard","30.32296102056099",1000,8,NA,NA,NA,NA,NA
"D6",FALSE,"chinookDUDA","SYBR","Standard","30.852021257500148",1000,8,NA,NA,NA,NA,NA
"D7",FALSE,"chinookDUDA","SYBR","Unknown","31.106925904557897",526.685399907728,8,"Air030","Issaquah waterfall",20240830,"MCE Air",4
"D8",FALSE,"chinookDUDA","SYBR","Unknown","33.64568288348451",93.9980937129771,8,"Air030","Issaquah waterfall",20240830,"MCE Air",4
"D9",FALSE,"chinookDUDA","SYBR","Unknown","32.280798235063514",237.405419968426,8,"Air030","Issaquah waterfall",20240830,"MCE Air",4
"D10",FALSE,"chinookDUDA","SYBR","Unknown","33.781286201134904",85.731975571205,8,"Air042","Issaquah park bridge",20241022,"MCE DI water",4
"D11",FALSE,"chinookDUDA","SYBR","Unknown","Undetermined",NA,8,"Air042","Issaquah park bridge",20241022,"MCE DI water",4
"D12",FALSE,"chinookDUDA","SYBR","Unknown","Undetermined",NA,8,"Air042","Issaquah park bridge",20241022,"MCE DI water",4
"D13",FALSE,"chinookDUDA","SYBR","Unknown","Undetermined",NA,8,"Air052","Issaquah park bridge",20241028,"PTFE",4
"D14",FALSE,"chinookDUDA","SYBR","Unknown","Undetermined",NA,8,"Air052","Issaquah park bridge",20241028,"PTFE",4
"D15",FALSE,"chinookDUDA","SYBR","Unknown","Undetermined",NA,8,"Air052","Issaquah park bridge",20241028,"PTFE",4
"D16",FALSE,"chinookDUDA","SYBR","Unknown","Undetermined",NA,8,"Air064","Issaquah park bridge",20241105,"PTFE",4
"D17",FALSE,"chinookDUDA","SYBR","Unknown","Undetermined",NA,8,"Air064","Issaquah park bridge",20241105,"PTFE",4
"D18",FALSE,"chinookDUDA","SYBR","Unknown","Undetermined",NA,8,"Air064","Issaquah park bridge",20241105,"PTFE",4
"D19",FALSE,"chinookDUDA","SYBR","Unknown","Undetermined",NA,8,"Air076","Issaquah park bridge",20241112,"PTFE",4
"D20",FALSE,"chinookDUDA","SYBR","Unknown","Undetermined",NA,8,"Air076","Issaquah park bridge",20241112,"PTFE",4
"D21",FALSE,"chinookDUDA","SYBR","Unknown","Undetermined",NA,8,"Air076","Issaquah park bridge",20241112,"PTFE",4
"D22",FALSE,"chinookDUDA","SYBR","Unknown","Undetermined",NA,8,"Air088","Issaquah park bridge",20241119,"PTFE",4
"D23",FALSE,"chinookDUDA","SYBR","Unknown","Undetermined",NA,8,"Air088","Issaquah park bridge",20241119,"PTFE",4
"D24",FALSE,"chinookDUDA","SYBR","Unknown","Undetermined",NA,8,"Air088","Issaquah park bridge",20241119,"PTFE",4
"E1",FALSE,"chinookDUDA","SYBR","Standard","32.99859129802219",100,8,NA,NA,NA,NA,NA
"E2",FALSE,"chinookDUDA","SYBR","Standard","33.678606742145305",100,8,NA,NA,NA,NA,NA
"E3",FALSE,"chinookDUDA","SYBR","Standard","33.4004665608672",100,8,NA,NA,NA,NA,NA
"E4",FALSE,"chinookDUDA","SYBR","Standard","34.65124528274053",100,8,NA,NA,NA,NA,NA
"E5",FALSE,"chinookDUDA","SYBR","Standard","34.53168592630399",100,8,NA,NA,NA,NA,NA
"E6",FALSE,"chinookDUDA","SYBR","Standard","33.644383373843326",100,8,NA,NA,NA,NA,NA
"E7",FALSE,"chinookDUDA","SYBR","Unknown","Undetermined",NA,8,"SAL041","Issaquah Dam, field negative",20240828,"Water filter MCE",4
"E8",FALSE,"chinookDUDA","SYBR","Unknown","Undetermined",NA,8,"SAL041","Issaquah Dam, field negative",20240828,"Water filter MCE",4
"E9",FALSE,"chinookDUDA","SYBR","Unknown","Undetermined",NA,8,"SAL041","Issaquah Dam, field negative",20240828,"Water filter MCE",4
"E10",FALSE,"chinookDUDA","SYBR","Unknown","Undetermined",NA,8,"Air043","Issaquah waterfall",20241024,"Gelatin",4
"E11",FALSE,"chinookDUDA","SYBR","Unknown","Undetermined",NA,8,"Air043","Issaquah waterfall",20241024,"Gelatin",4
"E12",FALSE,"chinookDUDA","SYBR","Unknown","Undetermined",NA,8,"Air043","Issaquah waterfall",20241024,"Gelatin",4
"E13",FALSE,"chinookDUDA","SYBR","Unknown","Undetermined",NA,8,"Air053","Issaquah park bridge",20241028,"MCE Air",4
"E14",FALSE,"chinookDUDA","SYBR","Unknown","Undetermined",NA,8,"Air053","Issaquah park bridge",20241028,"MCE Air",4
"E15",FALSE,"chinookDUDA","SYBR","Unknown","Undetermined",NA,8,"Air053","Issaquah park bridge",20241028,"MCE Air",4
"E16",FALSE,"chinookDUDA","SYBR","Unknown","Undetermined",NA,8,"Air065","Issaquah park bridge",20241105,"MCE Air",4
"E17",FALSE,"chinookDUDA","SYBR","Unknown","Undetermined",NA,8,"Air065","Issaquah park bridge",20241105,"MCE Air",4
"E18",FALSE,"chinookDUDA","SYBR","Unknown","Undetermined",NA,8,"Air065","Issaquah park bridge",20241105,"MCE Air",4
"E19",FALSE,"chinookDUDA","SYBR","Unknown","Undetermined",NA,8,"Air077","Issaquah park bridge",20241112,"MCE Air",4
"E20",FALSE,"chinookDUDA","SYBR","Unknown","Undetermined",NA,8,"Air077","Issaquah park bridge",20241112,"MCE Air",4
"E21",FALSE,"chinookDUDA","SYBR","Unknown","Undetermined",NA,8,"Air077","Issaquah park bridge",20241112,"MCE Air",4
"E22",FALSE,"chinookDUDA","SYBR","Unknown","Undetermined",NA,8,"Air089","Issaquah park bridge",20241119,"MCE Air",4
"E23",FALSE,"chinookDUDA","SYBR","Unknown","Undetermined",NA,8,"Air089","Issaquah park bridge",20241119,"MCE Air",4
"E24",FALSE,"chinookDUDA","SYBR","Unknown","Undetermined",NA,8,"Air089","Issaquah park bridge",20241119,"MCE Air",4
"F1",FALSE,"chinookDUDA","SYBR","Standard","Undetermined",10,8,NA,NA,NA,NA,NA
"F2",FALSE,"chinookDUDA","SYBR","Standard","Undetermined",10,8,NA,NA,NA,NA,NA
"F3",FALSE,"chinookDUDA","SYBR","Standard","Undetermined",10,8,NA,NA,NA,NA,NA
"F4",FALSE,"chinookDUDA","SYBR","Standard","Undetermined",10,8,NA,NA,NA,NA,NA
"F5",FALSE,"chinookDUDA","SYBR","Standard","31.771562234389975",100,8,NA,NA,NA,NA,NA
"F6",FALSE,"chinookDUDA","SYBR","Standard","Undetermined",100,8,NA,NA,NA,NA,NA
"F7",FALSE,"chinookDUDA","SYBR","Unknown","25.279461031521983",27510.8018143214,8,"SAL042","Issaquah Dam, by hand",20240828,"Water filter MCE",4
"F8",FALSE,"chinookDUDA","SYBR","Unknown","25.335540204750927",26483.2305037581,8,"SAL042","Issaquah Dam, by hand",20240828,"Water filter MCE",4
"F9",FALSE,"chinookDUDA","SYBR","Unknown","25.45636213218897",24397.8939151758,8,"SAL042","Issaquah Dam, by hand",20240828,"Water filter MCE",4
"F10",FALSE,"chinookDUDA","SYBR","Unknown","Undetermined",NA,8,"Air044","Issaquah waterfall",20241024,"Gelatin",4
"F11",FALSE,"chinookDUDA","SYBR","Unknown","34.83273127744856",41.9927250239021,8,"Air044","Issaquah waterfall",20241024,"Gelatin",4
"F12",FALSE,"chinookDUDA","SYBR","Unknown","33.62618676310714",95.2503441985392,8,"Air044","Issaquah waterfall",20241024,"Gelatin",4
"F13",FALSE,"chinookDUDA","SYBR","Unknown","Undetermined",NA,8,"Air054","Issaquah park bridge",20241028,"MCE DI water",4
"F14",FALSE,"chinookDUDA","SYBR","Unknown","Undetermined",NA,8,"Air054","Issaquah park bridge",20241028,"MCE DI water",4
"F15",FALSE,"chinookDUDA","SYBR","Unknown","Undetermined",NA,8,"Air054","Issaquah park bridge",20241028,"MCE DI water",4
"F16",FALSE,"chinookDUDA","SYBR","Unknown","31.665336540503553",360.520824553686,8,"Air066","Issaquah park bridge",20241105,"MCE DI water",4
"F17",FALSE,"chinookDUDA","SYBR","Unknown","31.27295682977831",470.549077377334,8,"Air066","Issaquah park bridge",20241105,"MCE DI water",4
"F18",FALSE,"chinookDUDA","SYBR","Unknown","31.68652958642295",355.371495574889,8,"Air066","Issaquah park bridge",20241105,"MCE DI water",4
"F19",FALSE,"chinookDUDA","SYBR","Unknown","36.68271444066896",11.9617344486431,8,"Air078","Issaquah park bridge",20241112,"MCE DI water",4
"F20",FALSE,"chinookDUDA","SYBR","Unknown","33.36398881445443",113.805486188784,8,"Air078","Issaquah park bridge",20241112,"MCE DI water",4
"F21",FALSE,"chinookDUDA","SYBR","Unknown","35.30637546349054",30.4468597400744,8,"Air078","Issaquah park bridge",20241112,"MCE DI water",4
"F22",FALSE,"chinookDUDA","SYBR","Unknown","Undetermined",NA,8,"Air090","Issaquah park bridge",20241119,"MCE DI water",4
"F23",FALSE,"chinookDUDA","SYBR","Unknown","Undetermined",NA,8,"Air090","Issaquah park bridge",20241119,"MCE DI water",4
"F24",FALSE,"chinookDUDA","SYBR","Unknown","Undetermined",NA,8,"Air090","Issaquah park bridge",20241119,"MCE DI water",4
"G1",FALSE,"chinookDUDA","SYBR","Standard","Undetermined",10,8,NA,NA,NA,NA,NA
"G2",FALSE,"chinookDUDA","SYBR","Standard","Undetermined",10,8,NA,NA,NA,NA,NA
"G3",FALSE,"chinookDUDA","SYBR","Standard","Undetermined",10,8,NA,NA,NA,NA,NA
"G4",FALSE,"chinookDUDA","SYBR","Standard","Undetermined",10,8,NA,NA,NA,NA,NA
"G5",FALSE,"chinookDUDA","SYBR","Standard","Undetermined",10,8,NA,NA,NA,NA,NA
"G6",FALSE,"chinookDUDA","SYBR","Negative Control","Undetermined",NA,8,NA,NA,NA,NA,NA
"G7",FALSE,"chinookDUDA","SYBR","Unknown","Undetermined",NA,8,"SAL048","Issaquah Dam, field negative",20240830,"Water filter MCE",4
"G8",FALSE,"chinookDUDA","SYBR","Unknown","Undetermined",NA,8,"SAL048","Issaquah Dam, field negative",20240830,"Water filter MCE",4
"G9",FALSE,"chinookDUDA","SYBR","Unknown","Undetermined",NA,8,"SAL048","Issaquah Dam, field negative",20240830,"Water filter MCE",4
"G10",FALSE,"chinookDUDA","SYBR","Unknown","Undetermined",NA,8,"Air045","Issaquah waterfall",20241024,"PTFE",4
"G11",FALSE,"chinookDUDA","SYBR","Unknown","Undetermined",NA,8,"Air045","Issaquah waterfall",20241024,"PTFE",4
"G12",FALSE,"chinookDUDA","SYBR","Unknown","Undetermined",NA,8,"Air045","Issaquah waterfall",20241024,"PTFE",4
"G13",FALSE,"chinookDUDA","SYBR","Unknown","Undetermined",NA,8,"Air055","Issaquah waterfall",20241031,"Gelatin",4
"G14",FALSE,"chinookDUDA","SYBR","Unknown","Undetermined",NA,8,"Air055","Issaquah waterfall",20241031,"Gelatin",4
"G15",FALSE,"chinookDUDA","SYBR","Unknown","Undetermined",NA,8,"Air055","Issaquah waterfall",20241031,"Gelatin",4
"G16",FALSE,"chinookDUDA","SYBR","Unknown","Undetermined",NA,8,"Air067","Issaquah waterfall",20241107,"Gelatin",4
"G17",FALSE,"chinookDUDA","SYBR","Unknown","Undetermined",NA,8,"Air067","Issaquah waterfall",20241107,"Gelatin",4
"G18",FALSE,"chinookDUDA","SYBR","Unknown","Undetermined",NA,8,"Air067","Issaquah waterfall",20241107,"Gelatin",4
"G19",FALSE,"chinookDUDA","SYBR","Unknown","Undetermined",NA,8,"Air079","Issaquah waterfall",20241114,"Gelatin",4
"G20",FALSE,"chinookDUDA","SYBR","Unknown","Undetermined",NA,8,"Air079","Issaquah waterfall",20241114,"Gelatin",4
"G21",FALSE,"chinookDUDA","SYBR","Unknown","Undetermined",NA,8,"Air079","Issaquah waterfall",20241114,"Gelatin",4
"G22",FALSE,"chinookDUDA","SYBR","Unknown","33.91825175795266",78.1205019696901,8,"Air091","Issaquah waterfall",20241121,"Gelatin",4
"G23",FALSE,"chinookDUDA","SYBR","Unknown","33.18447239781521",128.553856661427,8,"Air091","Issaquah waterfall",20241121,"Gelatin",4
"G24",FALSE,"chinookDUDA","SYBR","Unknown","34.805158834610125",42.7860788092439,8,"Air091","Issaquah waterfall",20241121,"Gelatin",4
"H1",FALSE,"chinookDUDA","SYBR","Unknown","Undetermined",NA,8,"Air001","Wallace 156A",20240816,"Gelatin",4
"H2",FALSE,"chinookDUDA","SYBR","Unknown","Undetermined",NA,8,"Air002","Wallace 156A",20240816,"Gelatin",4
"H3",FALSE,"chinookDUDA","SYBR","Unknown","Undetermined",NA,8,"Air003","Wallace 156A",20240816,"PTFE",4
"H4",FALSE,"chinookDUDA","SYBR","Unknown","Undetermined",NA,8,"Air004","Wallace 156A",20240816,"PTFE",4
"H5",FALSE,"chinookDUDA","SYBR","Unknown","Undetermined",NA,8,"Air005","Wallace 156A",20240816,"MCE Air",4
"H6",FALSE,"chinookDUDA","SYBR","Unknown","Undetermined",NA,8,"Air006","Wallace 156A",20240816,"MCE DI water",4
"H7",FALSE,"chinookDUDA","SYBR","Unknown","23.582774474397176",87034.3934419684,8,"SAL049","Issaquah Dam, by hand",20240830,"Water filter MCE",4
"H8",FALSE,"chinookDUDA","SYBR","Unknown","23.704335112656672",80140.9545888023,8,"SAL049","Issaquah Dam, by hand",20240830,"Water filter MCE",4
"H9",FALSE,"chinookDUDA","SYBR","Unknown","23.842879746690137",72947.6303521936,8,"SAL049","Issaquah Dam, by hand",20240830,"Water filter MCE",4
"H10",FALSE,"chinookDUDA","SYBR","Unknown","Undetermined",NA,8,"Air046","Issaquah waterfall",20241024,"PTFE",4
"H11",FALSE,"chinookDUDA","SYBR","Unknown","Undetermined",NA,8,"Air046","Issaquah waterfall",20241024,"PTFE",4
"H12",FALSE,"chinookDUDA","SYBR","Unknown","Undetermined",NA,8,"Air046","Issaquah waterfall",20241024,"PTFE",4
"H13",FALSE,"chinookDUDA","SYBR","Unknown","Undetermined",NA,8,"Air056","Issaquah waterfall",20241031,"Gelatin",4
"H14",FALSE,"chinookDUDA","SYBR","Unknown","Undetermined",NA,8,"Air056","Issaquah waterfall",20241031,"Gelatin",4
"H15",FALSE,"chinookDUDA","SYBR","Unknown","Undetermined",NA,8,"Air056","Issaquah waterfall",20241031,"Gelatin",4
"H16",FALSE,"chinookDUDA","SYBR","Unknown","Undetermined",NA,8,"Air068","Issaquah waterfall",20241107,"Gelatin",4
"H17",FALSE,"chinookDUDA","SYBR","Unknown","Undetermined",NA,8,"Air068","Issaquah waterfall",20241107,"Gelatin",4
"H18",FALSE,"chinookDUDA","SYBR","Unknown","Undetermined",NA,8,"Air068","Issaquah waterfall",20241107,"Gelatin",4
"H19",FALSE,"chinookDUDA","SYBR","Unknown","Undetermined",NA,8,"Air080","Issaquah waterfall",20241114,"Gelatin",4
"H20",FALSE,"chinookDUDA","SYBR","Unknown","Undetermined",NA,8,"Air080","Issaquah waterfall",20241114,"Gelatin",4
"H21",FALSE,"chinookDUDA","SYBR","Unknown","Undetermined",NA,8,"Air080","Issaquah waterfall",20241114,"Gelatin",4
"H22",FALSE,"chinookDUDA","SYBR","Unknown","Undetermined",NA,8,"Air092","Issaquah waterfall",20241121,"Gelatin",4
"H23",FALSE,"chinookDUDA","SYBR","Unknown","Undetermined",NA,8,"Air092","Issaquah waterfall",20241121,"Gelatin",4
"H24",FALSE,"chinookDUDA","SYBR","Unknown","Undetermined",NA,8,"Air092","Issaquah waterfall",20241121,"Gelatin",4
"I1",FALSE,"chinookDUDA","SYBR","Unknown","Undetermined",NA,8,"Air007","Fisheries pond",20240819,"Gelatin",4
"I2",FALSE,"chinookDUDA","SYBR","Unknown","Undetermined",NA,8,"Air008","Fisheries pond",20240819,"Gelatin",4
"I3",FALSE,"chinookDUDA","SYBR","Unknown","Undetermined",NA,8,"Air009","Fisheries pond",20240819,"PTFE",4
"I4",FALSE,"chinookDUDA","SYBR","Unknown","29.22109414150126",1894.52108185352,8,"Air019","Issaquah waterfall",20240828,"Gelatin",4
"I5",FALSE,"chinookDUDA","SYBR","Unknown","30.26957839205766",929.829944434295,8,"Air019","Issaquah waterfall",20240828,"Gelatin",4
"I6",FALSE,"chinookDUDA","SYBR","Unknown","28.83600304789273",2460.51099143743,8,"Air019","Issaquah waterfall",20240828,"Gelatin",4
"I7",FALSE,"chinookDUDA","SYBR","Unknown","Undetermined",NA,8,"Air031","Issaquah waterfall",20241017,"Gelatin",4
"I8",FALSE,"chinookDUDA","SYBR","Unknown","Undetermined",NA,8,"Air031","Issaquah waterfall",20241017,"Gelatin",4
"I9",FALSE,"chinookDUDA","SYBR","Unknown","Undetermined",NA,8,"Air031","Issaquah waterfall",20241017,"Gelatin",4
"I10",FALSE,"chinookDUDA","SYBR","Unknown","Undetermined",NA,8,"Air047","Issaquah waterfall",20241024,"MCE Air",4
"I11",FALSE,"chinookDUDA","SYBR","Unknown","Undetermined",NA,8,"Air047","Issaquah waterfall",20241024,"MCE Air",4
"I12",FALSE,"chinookDUDA","SYBR","Unknown","Undetermined",NA,8,"Air047","Issaquah waterfall",20241024,"MCE Air",4
"I13",FALSE,"chinookDUDA","SYBR","Unknown","Undetermined",NA,8,"Air057","Issaquah waterfall",20241031,"PTFE",4
"I14",FALSE,"chinookDUDA","SYBR","Unknown","Undetermined",NA,8,"Air057","Issaquah waterfall",20241031,"PTFE",4
"I15",FALSE,"chinookDUDA","SYBR","Unknown","Undetermined",NA,8,"Air057","Issaquah waterfall",20241031,"PTFE",4
"I16",FALSE,"chinookDUDA","SYBR","Unknown","Undetermined",NA,8,"Air069","Issaquah waterfall",20241107,"PTFE",4
"I17",FALSE,"chinookDUDA","SYBR","Unknown","Undetermined",NA,8,"Air069","Issaquah waterfall",20241107,"PTFE",4
"I18",FALSE,"chinookDUDA","SYBR","Unknown","34.61447743300788",48.6985315102268,8,"Air069","Issaquah waterfall",20241107,"PTFE",4
"I19",FALSE,"chinookDUDA","SYBR","Unknown","34.79267436574959",43.1502127202706,8,"Air081","Issaquah waterfall",20241114,"PTFE",4
"I20",FALSE,"chinookDUDA","SYBR","Unknown","Undetermined",NA,8,"Air081","Issaquah waterfall",20241114,"PTFE",4
"I21",FALSE,"chinookDUDA","SYBR","Unknown","Undetermined",NA,8,"Air081","Issaquah waterfall",20241114,"PTFE",4
"I22",FALSE,"chinookDUDA","SYBR","Unknown","34.79259651883211",43.1524929724423,8,"Air093","Issaquah waterfall",20241121,"PTFE",4
"I23",FALSE,"chinookDUDA","SYBR","Unknown","Undetermined",NA,8,"Air093","Issaquah waterfall",20241121,"PTFE",4
"I24",FALSE,"chinookDUDA","SYBR","Unknown","Undetermined",NA,8,"Air093","Issaquah waterfall",20241121,"PTFE",4
"J1",FALSE,"chinookDUDA","SYBR","Unknown","Undetermined",NA,8,"Air010","Fisheries pond",20240819,"PTFE",4
"J2",FALSE,"chinookDUDA","SYBR","Unknown","Undetermined",NA,8,"Air011","Fisheries pond",20240819,"MCE Air",4
"J3",FALSE,"chinookDUDA","SYBR","Unknown","Undetermined",NA,8,"Air012","Fisheries pond",20240819,"MCE DI water",4
"J4",FALSE,"chinookDUDA","SYBR","Unknown","27.372250155571457",6645.74252136755,8,"Air020","Issaquah waterfall",20240828,"Gelatin",4
"J5",FALSE,"chinookDUDA","SYBR","Unknown","27.31017542618096",6931.75660134662,8,"Air020","Issaquah waterfall",20240828,"Gelatin",4
"J6",FALSE,"chinookDUDA","SYBR","Unknown","27.60604136143322",5670.49861824076,8,"Air020","Issaquah waterfall",20240828,"Gelatin",4
"J7",FALSE,"chinookDUDA","SYBR","Unknown","Undetermined",NA,8,"Air032","Issaquah waterfall",20241017,"Gelatin",4
"J8",FALSE,"chinookDUDA","SYBR","Unknown","Undetermined",NA,8,"Air032","Issaquah waterfall",20241017,"Gelatin",4
"J9",FALSE,"chinookDUDA","SYBR","Unknown","Undetermined",NA,8,"Air032","Issaquah waterfall",20241017,"Gelatin",4
"J10",FALSE,"chinookDUDA","SYBR","Unknown","28.813438155058677",2498.48933045453,8,"Air048","Issaquah waterfall",20241024,"MCE DI water",4
"J11",FALSE,"chinookDUDA","SYBR","Unknown","29.77938200272788",1296.9245545725,8,"Air048","Issaquah waterfall",20241024,"MCE DI water",4
"J12",FALSE,"chinookDUDA","SYBR","Unknown","29.818337147236214",1263.0793465409,8,"Air048","Issaquah waterfall",20241024,"MCE DI water",4
"J13",FALSE,"chinookDUDA","SYBR","Unknown","Undetermined",NA,8,"Air058","Issaquah waterfall",20241031,"PTFE",4
"J14",FALSE,"chinookDUDA","SYBR","Unknown","Undetermined",NA,8,"Air058","Issaquah waterfall",20241031,"PTFE",4
"J15",FALSE,"chinookDUDA","SYBR","Unknown","Undetermined",NA,8,"Air058","Issaquah waterfall",20241031,"PTFE",4
"J16",FALSE,"chinookDUDA","SYBR","Unknown","Undetermined",NA,8,"Air070","Issaquah waterfall",20241107,"PTFE",4
"J17",FALSE,"chinookDUDA","SYBR","Unknown","Undetermined",NA,8,"Air070","Issaquah waterfall",20241107,"PTFE",4
"J18",FALSE,"chinookDUDA","SYBR","Unknown","Undetermined",NA,8,"Air070","Issaquah waterfall",20241107,"PTFE",4
"J19",FALSE,"chinookDUDA","SYBR","Unknown","Undetermined",NA,8,"Air082","Issaquah waterfall",20241114,"PTFE",4
"J20",FALSE,"chinookDUDA","SYBR","Unknown","Undetermined",NA,8,"Air082","Issaquah waterfall",20241114,"PTFE",4
"J21",FALSE,"chinookDUDA","SYBR","Unknown","Undetermined",NA,8,"Air082","Issaquah waterfall",20241114,"PTFE",4
"J22",FALSE,"chinookDUDA","SYBR","Unknown","Undetermined",NA,8,"Air094","Issaquah waterfall",20241121,"PTFE",4
"J23",FALSE,"chinookDUDA","SYBR","Unknown","Undetermined",NA,8,"Air094","Issaquah waterfall",20241121,"PTFE",4
"J24",FALSE,"chinookDUDA","SYBR","Unknown","34.97427893511424",38.1456866064784,8,"Air094","Issaquah waterfall",20241121,"PTFE",4
"K1",FALSE,"chinookDUDA","SYBR","Unknown","27.948945202917734",4492.95733710882,8,"Air013","Issaquah waterfall",20240826,"Gelatin",4
"K2",FALSE,"chinookDUDA","SYBR","Unknown","28.520284621997035",3048.59639409165,8,"Air013","Issaquah waterfall",20240826,"Gelatin",4
"K3",FALSE,"chinookDUDA","SYBR","Unknown","28.011718409090697",4305.52969137962,8,"Air013","Issaquah waterfall",20240826,"Gelatin",4
"K4",FALSE,"chinookDUDA","SYBR","Unknown","33.266942472630745",121.554968534699,8,"Air021","Issaquah waterfall",20240828,"PTFE",4
"K5",FALSE,"chinookDUDA","SYBR","Unknown","34.32420479665102",59.3046847857545,8,"Air021","Issaquah waterfall",20240828,"PTFE",4
"K6",FALSE,"chinookDUDA","SYBR","Unknown","Undetermined",NA,8,"Air021","Issaquah waterfall",20240828,"PTFE",4
"K7",FALSE,"chinookDUDA","SYBR","Unknown","33.93412119983218",77.2834804122036,8,"Air033","Issaquah waterfall",20241017,"PTFE",4
"K8",FALSE,"chinookDUDA","SYBR","Unknown","34.78834207403047",43.2772954156278,8,"Air033","Issaquah waterfall",20241017,"PTFE",4
"K9",FALSE,"chinookDUDA","SYBR","Unknown","Undetermined",NA,8,"Air033","Issaquah waterfall",20241017,"PTFE",4
"K10",FALSE,"chinookDUDA","SYBR","Unknown","Undetermined",NA,8,"SAL092","Issaquah Dam, field negative",20241017,"Water filter MCE",4
"K11",FALSE,"chinookDUDA","SYBR","Unknown","Undetermined",NA,8,"SAL092","Issaquah Dam, field negative",20241017,"Water filter MCE",4
"K12",FALSE,"chinookDUDA","SYBR","Unknown","42.77246832238474",0.191654357809075,8,"SAL092","Issaquah Dam, field negative",20241017,"Water filter MCE",4
"K13",FALSE,"chinookDUDA","SYBR","Unknown","Undetermined",NA,8,"Air059","Issaquah waterfall",20241031,"MCE Air",4
"K14",FALSE,"chinookDUDA","SYBR","Unknown","38.990898625896065",2.49652195282702,8,"Air059","Issaquah waterfall",20241031,"MCE Air",4
"K15",FALSE,"chinookDUDA","SYBR","Unknown","Undetermined",NA,8,"Air059","Issaquah waterfall",20241031,"MCE Air",4
"K16",FALSE,"chinookDUDA","SYBR","Unknown","Undetermined",NA,8,"Air071","Issaquah waterfall",20241107,"MCE Air",4
"K17",FALSE,"chinookDUDA","SYBR","Unknown","Undetermined",NA,8,"Air071","Issaquah waterfall",20241107,"MCE Air",4
"K18",FALSE,"chinookDUDA","SYBR","Unknown","Undetermined",NA,8,"Air071","Issaquah waterfall",20241107,"MCE Air",4
"K19",FALSE,"chinookDUDA","SYBR","Unknown","Undetermined",NA,8,"Air083","Issaquah waterfall",20241114,"MCE Air",4
"K20",FALSE,"chinookDUDA","SYBR","Unknown","Undetermined",NA,8,"Air083","Issaquah waterfall",20241114,"MCE Air",4
"K21",FALSE,"chinookDUDA","SYBR","Unknown","Undetermined",NA,8,"Air083","Issaquah waterfall",20241114,"MCE Air",4
"K22",FALSE,"chinookDUDA","SYBR","Unknown","Undetermined",NA,8,"Air095","Issaquah waterfall",20241121,"MCE Air",4
"K23",FALSE,"chinookDUDA","SYBR","Unknown","Undetermined",NA,8,"Air095","Issaquah waterfall",20241121,"MCE Air",4
"K24",FALSE,"chinookDUDA","SYBR","Unknown","Undetermined",NA,8,"Air095","Issaquah waterfall",20241121,"MCE Air",4
"L1",FALSE,"chinookDUDA","SYBR","Unknown","30.594228039791133",745.926366065577,8,"Air014","Issaquah waterfall",20240826,"Gelatin",4
"L2",FALSE,"chinookDUDA","SYBR","Unknown","30.22210821342445",960.279951083133,8,"Air014","Issaquah waterfall",20240826,"Gelatin",4
"L3",FALSE,"chinookDUDA","SYBR","Unknown","30.97683206578136",575.31180474286,8,"Air014","Issaquah waterfall",20240826,"Gelatin",4
"L4",FALSE,"chinookDUDA","SYBR","Unknown","30.88904386107226",610.637510692371,8,"Air022","Issaquah waterfall",20240828,"PTFE",4
"L5",FALSE,"chinookDUDA","SYBR","Unknown","30.627261009024025",729.386552566593,8,"Air022","Issaquah waterfall",20240828,"PTFE",4
"L6",FALSE,"chinookDUDA","SYBR","Unknown","30.883305484516214",613.020739188673,8,"Air022","Issaquah waterfall",20240828,"PTFE",4
"L7",FALSE,"chinookDUDA","SYBR","Unknown","30.979835406328043",574.140115924585,8,"Air034","Issaquah waterfall",20241017,"PTFE",4
"L8",FALSE,"chinookDUDA","SYBR","Unknown","Undetermined",NA,8,"Air034","Issaquah waterfall",20241017,"PTFE",4
"L9",FALSE,"chinookDUDA","SYBR","Unknown","33.38307408376505",112.34061857908,8,"Air034","Issaquah waterfall",20241017,"PTFE",4
"L10",FALSE,"chinookDUDA","SYBR","Unknown","21.66939477730412",318977.663986872,8,"SAL093","Issaquah Dam, by hand",20241017,"Water filter MCE",4
"L11",FALSE,"chinookDUDA","SYBR","Unknown","21.82656191953302",286699.533553357,8,"SAL093","Issaquah Dam, by hand",20241017,"Water filter MCE",4
"L12",FALSE,"chinookDUDA","SYBR","Unknown","22.223992786151967",218908.851161491,8,"SAL093","Issaquah Dam, by hand",20241017,"Water filter MCE",4
"L13",FALSE,"chinookDUDA","SYBR","Unknown","30.36017532022015",874.370135192182,8,"Air060","Issaquah waterfall",20241031,"MCE DI water",4
"L14",FALSE,"chinookDUDA","SYBR","Unknown","29.95915792985179",1147.9323547012,8,"Air060","Issaquah waterfall",20241031,"MCE DI water",4
"L15",FALSE,"chinookDUDA","SYBR","Unknown","30.35356446097005",878.302692696813,8,"Air060","Issaquah waterfall",20241031,"MCE DI water",4
"L16",FALSE,"chinookDUDA","SYBR","Unknown","30.90142523361874",605.526867515073,8,"Air072","Issaquah waterfall",20241107,"MCE DI water",4
"L17",FALSE,"chinookDUDA","SYBR","Unknown","31.713992647004517",348.807976310722,8,"Air072","Issaquah waterfall",20241107,"MCE DI water",4
"L18",FALSE,"chinookDUDA","SYBR","Unknown","30.94976471830961",585.980023111788,8,"Air072","Issaquah waterfall",20241107,"MCE DI water",4
"L19",FALSE,"chinookDUDA","SYBR","Unknown","29.82037985206466",1261.32916850845,8,"Air084","Issaquah waterfall",20241114,"MCE DI water",4
"L20",FALSE,"chinookDUDA","SYBR","Unknown","29.952735257464262",1152.94799245342,8,"Air084","Issaquah waterfall",20241114,"MCE DI water",4
"L21",FALSE,"chinookDUDA","SYBR","Unknown","30.575892784981",755.268269930332,8,"Air084","Issaquah waterfall",20241114,"MCE DI water",4
"L22",FALSE,"chinookDUDA","SYBR","Unknown","31.520524334949293",397.760245196688,8,"Air096","Issaquah waterfall",20241121,"MCE DI water",4
"L23",FALSE,"chinookDUDA","SYBR","Unknown","30.589372902856624",748.388775880371,8,"Air096","Issaquah waterfall",20241121,"MCE DI water",4
"L24",FALSE,"chinookDUDA","SYBR","Unknown","31.683467265482236",356.110984721512,8,"Air096","Issaquah waterfall",20241121,"MCE DI water",4
"M1",FALSE,"chinookDUDA","SYBR","Unknown","33.78932986678262",85.2651455514062,8,"Air015","Issaquah waterfall",20240826,"PTFE",4
"M2",FALSE,"chinookDUDA","SYBR","Unknown","Undetermined",NA,8,"Air015","Issaquah waterfall",20240826,"PTFE",4
"M3",FALSE,"chinookDUDA","SYBR","Unknown","Undetermined",NA,8,"Air015","Issaquah waterfall",20240826,"PTFE",4
"M4",FALSE,"chinookDUDA","SYBR","Unknown","29.922018130974052",1177.24053418735,8,"Air023","Issaquah waterfall",20240828,"MCE Air",4
"M5",FALSE,"chinookDUDA","SYBR","Unknown","29.83943467336153",1245.1194795022,8,"Air023","Issaquah waterfall",20240828,"MCE Air",4
"M6",FALSE,"chinookDUDA","SYBR","Unknown","30.209406577330775",968.595255488529,8,"Air023","Issaquah waterfall",20240828,"MCE Air",4
"M7",FALSE,"chinookDUDA","SYBR","Unknown","33.88094149349095",80.1242891026432,8,"Air035","Issaquah waterfall",20241017,"MCE Air",4
"M8",FALSE,"chinookDUDA","SYBR","Unknown","32.616985352966566",188.965179025027,8,"Air035","Issaquah waterfall",20241017,"MCE Air",4
"M9",FALSE,"chinookDUDA","SYBR","Unknown","32.848666994098835",161.4661262603,8,"Air035","Issaquah waterfall",20241017,"MCE Air",4
"M10",FALSE,"chinookDUDA","SYBR","Unknown","Undetermined",NA,8,"SAL100","Issaquah Bridge, field negative",20241023,"Water filter MCE",4
"M11",FALSE,"chinookDUDA","SYBR","Unknown","Undetermined",NA,8,"SAL100","Issaquah Bridge, field negative",20241023,"Water filter MCE",4
"M12",FALSE,"chinookDUDA","SYBR","Unknown","Undetermined",NA,8,"SAL100","Issaquah Bridge, field negative",20241023,"Water filter MCE",4
"M13",FALSE,"chinookDUDA","SYBR","Unknown","Undetermined",NA,8,"SAL112","Issaquah Bridge, field negative",20241028,"Water filter MCE",4
"M14",FALSE,"chinookDUDA","SYBR","Unknown","Undetermined",NA,8,"SAL112","Issaquah Bridge, field negative",20241028,"Water filter MCE",4
"M15",FALSE,"chinookDUDA","SYBR","Unknown","Undetermined",NA,8,"SAL112","Issaquah Bridge, field negative",20241028,"Water filter MCE",4
"M16",FALSE,"chinookDUDA","SYBR","Unknown","Undetermined",NA,8,"SAL124","Issaquah Bridge, field negative",20241105,"Water filter MCE",4
"M17",FALSE,"chinookDUDA","SYBR","Unknown","Undetermined",NA,8,"SAL124","Issaquah Bridge, field negative",20241105,"Water filter MCE",4
"M18",FALSE,"chinookDUDA","SYBR","Unknown","Undetermined",NA,8,"SAL124","Issaquah Bridge, field negative",20241105,"Water filter MCE",4
"M19",FALSE,"chinookDUDA","SYBR","Unknown","Undetermined",NA,8,"SAL136","Issaquah Bridge, field negative",20241112,"Water filter MCE",4
"M20",FALSE,"chinookDUDA","SYBR","Unknown","Undetermined",NA,8,"SAL136","Issaquah Bridge, field negative",20241112,"Water filter MCE",4
"M21",FALSE,"chinookDUDA","SYBR","Unknown","Undetermined",NA,8,"SAL136","Issaquah Bridge, field negative",20241112,"Water filter MCE",4
"M22",FALSE,"chinookDUDA","SYBR","Unknown","Undetermined",NA,8,"SAL148","Issaquah Bridge, field negative",20241019,"Water filter MCE",4
"M23",FALSE,"chinookDUDA","SYBR","Unknown","Undetermined",NA,8,"SAL148","Issaquah Bridge, field negative",20241019,"Water filter MCE",4
"M24",FALSE,"chinookDUDA","SYBR","Unknown","Undetermined",NA,8,"SAL148","Issaquah Bridge, field negative",20241019,"Water filter MCE",4
"N1",FALSE,"chinookDUDA","SYBR","Unknown","Undetermined",NA,8,"Air016","Issaquah waterfall",20240826,"PTFE",4
"N2",FALSE,"chinookDUDA","SYBR","Unknown","Undetermined",NA,8,"Air016","Issaquah waterfall",20240826,"PTFE",4
"N3",FALSE,"chinookDUDA","SYBR","Unknown","34.911639376507026",39.8026275748767,8,"Air016","Issaquah waterfall",20240826,"PTFE",4
"N4",FALSE,"chinookDUDA","SYBR","Unknown","32.10510187717637",267.476959633963,8,"Air024","Issaquah waterfall",20240828,"MCE DI water",4
"N5",FALSE,"chinookDUDA","SYBR","Unknown","33.36863470791714",113.447146546341,8,"Air024","Issaquah waterfall",20240828,"MCE DI water",4
"N6",FALSE,"chinookDUDA","SYBR","Unknown","31.61577573651848",372.855892570975,8,"Air024","Issaquah waterfall",20240828,"MCE DI water",4
"N7",FALSE,"chinookDUDA","SYBR","Unknown","31.688371578897076",354.927431132305,8,"Air036","Issaquah waterfall",20241017,"MCE DI water",4
"N8",FALSE,"chinookDUDA","SYBR","Unknown","31.469675417055754",411.729295714643,8,"Air036","Issaquah waterfall",20241017,"MCE DI water",4
"N9",FALSE,"chinookDUDA","SYBR","Unknown","30.935910681060307",591.516709274958,8,"Air036","Issaquah waterfall",20241017,"MCE DI water",4
"N10",FALSE,"chinookDUDA","SYBR","Unknown","19.75868999783828",1166919.95514318,8,"SAL101","Issaquah Bridge, Confluence Park, by hand",20241023,"Water filter MCE",4
"N11",FALSE,"chinookDUDA","SYBR","Unknown","20.28208005254082",817983.045754423,8,"SAL101","Issaquah Bridge, Confluence Park, by hand",20241023,"Water filter MCE",4
"N12",FALSE,"chinookDUDA","SYBR","Unknown","20.341402395978413",785698.491545871,8,"SAL101","Issaquah Bridge, Confluence Park, by hand",20241023,"Water filter MCE",4
"N13",FALSE,"chinookDUDA","SYBR","Unknown","23.06802518136898",123435.577194635,8,"SAL113","Issaquah Bridge, Confluence Park, by hand",20241028,"Water filter MCE",4
"N14",FALSE,"chinookDUDA","SYBR","Unknown","22.90648570113065",137740.804662796,8,"SAL113","Issaquah Bridge, Confluence Park, by hand",20241028,"Water filter MCE",4
"N15",FALSE,"chinookDUDA","SYBR","Unknown","22.995616243170453",129654.232171497,8,"SAL113","Issaquah Bridge, Confluence Park, by hand",20241028,"Water filter MCE",4
"N16",FALSE,"chinookDUDA","SYBR","Unknown","22.84254144449607",143851.220418873,8,"SAL125","Issaquah Bridge, Confluence Park, by hand",20241105,"Water filter MCE",4
"N17",FALSE,"chinookDUDA","SYBR","Unknown","22.929066730806987",135645.586852094,8,"SAL125","Issaquah Bridge, Confluence Park, by hand",20241105,"Water filter MCE",4
"N18",FALSE,"chinookDUDA","SYBR","Unknown","23.15335537243196",116488.96523453,8,"SAL125","Issaquah Bridge, Confluence Park, by hand",20241105,"Water filter MCE",4
"N19",FALSE,"chinookDUDA","SYBR","Unknown","28.497122879908204",3096.9063608991,8,"SAL137","Issaquah Bridge, Confluence Park, by hand",20241112,"Water filter MCE",4
"N20",FALSE,"chinookDUDA","SYBR","Unknown","28.5795884286007",2928.30974976698,8,"SAL137","Issaquah Bridge, Confluence Park, by hand",20241112,"Water filter MCE",4
"N21",FALSE,"chinookDUDA","SYBR","Unknown","28.81848889500612",2489.93796875895,8,"SAL137","Issaquah Bridge, Confluence Park, by hand",20241112,"Water filter MCE",4
"N22",FALSE,"chinookDUDA","SYBR","Unknown","28.64382800458825",2803.36093768736,8,"SAL149","Issaquah Bridge, Confluence Park, by hand",20241019,"Water filter MCE",4
"N23",FALSE,"chinookDUDA","SYBR","Unknown","28.96881700310177",2248.38876336079,8,"SAL149","Issaquah Bridge, Confluence Park, by hand",20241019,"Water filter MCE",4
"N24",FALSE,"chinookDUDA","SYBR","Unknown","28.943665048224993",2287.1058704107,8,"SAL149","Issaquah Bridge, Confluence Park, by hand",20241019,"Water filter MCE",4
"O1",FALSE,"chinookDUDA","SYBR","Unknown","32.49060011209336",205.89247993184,8,"Air017","Issaquah waterfall",20240826,"MCE Air",4
"O2",FALSE,"chinookDUDA","SYBR","Unknown","32.20331520590473",250.226228677068,8,"Air017","Issaquah waterfall",20240826,"MCE Air",4
"O3",FALSE,"chinookDUDA","SYBR","Unknown","31.989479177469427",289.315868022043,8,"Air017","Issaquah waterfall",20240826,"MCE Air",4
"O4",FALSE,"chinookDUDA","SYBR","Unknown","32.65451226598819",184.212353282357,8,"Air025","Issaquah waterfall",20240830,"MCE DI water",4
"O5",FALSE,"chinookDUDA","SYBR","Unknown","33.131270058179624",133.281324454078,8,"Air025","Issaquah waterfall",20240830,"MCE DI water",4
"O6",FALSE,"chinookDUDA","SYBR","Unknown","34.75779876495122",44.1839317988321,8,"Air025","Issaquah waterfall",20240830,"MCE DI water",4
"O7",FALSE,"chinookDUDA","SYBR","Unknown","Undetermined",NA,8,"Air037","Issaquah park bridge",20241022,"Gelatin",4
"O8",FALSE,"chinookDUDA","SYBR","Unknown","Undetermined",NA,8,"Air037","Issaquah park bridge",20241022,"Gelatin",4
"O9",FALSE,"chinookDUDA","SYBR","Unknown","Undetermined",NA,8,"Air037","Issaquah park bridge",20241022,"Gelatin",4
"O10",FALSE,"chinookDUDA","SYBR","Unknown","Undetermined",NA,8,"SAL104","Issaquah Dam, field negative",20241025,"Water filter MCE",4
"O11",FALSE,"chinookDUDA","SYBR","Unknown","Undetermined",NA,8,"SAL104","Issaquah Dam, field negative",20241025,"Water filter MCE",4
"O12",FALSE,"chinookDUDA","SYBR","Unknown","Undetermined",NA,8,"SAL104","Issaquah Dam, field negative",20241025,"Water filter MCE",4
"O13",FALSE,"chinookDUDA","SYBR","Unknown","Undetermined",NA,8,"SAL116","Issaquah Dam, field negative",20241031,"Water filter MCE",4
"O14",FALSE,"chinookDUDA","SYBR","Unknown","Undetermined",NA,8,"SAL116","Issaquah Dam, field negative",20241031,"Water filter MCE",4
"O15",FALSE,"chinookDUDA","SYBR","Unknown","Undetermined",NA,8,"SAL116","Issaquah Dam, field negative",20241031,"Water filter MCE",4
"O16",FALSE,"chinookDUDA","SYBR","Unknown","Undetermined",NA,8,"SAL128","Issaquah Dam, field negative",20241107,"Water filter MCE",4
"O17",FALSE,"chinookDUDA","SYBR","Unknown","Undetermined",NA,8,"SAL128","Issaquah Dam, field negative",20241107,"Water filter MCE",4
"O18",FALSE,"chinookDUDA","SYBR","Unknown","Undetermined",NA,8,"SAL128","Issaquah Dam, field negative",20241107,"Water filter MCE",4
"O19",FALSE,"chinookDUDA","SYBR","Unknown","Undetermined",NA,8,"SAL140","Issaquah Dam, field negative",20241114,"Water filter MCE",4
"O20",FALSE,"chinookDUDA","SYBR","Unknown","Undetermined",NA,8,"SAL140","Issaquah Dam, field negative",20241114,"Water filter MCE",4
"O21",FALSE,"chinookDUDA","SYBR","Unknown","Undetermined",NA,8,"SAL140","Issaquah Dam, field negative",20241114,"Water filter MCE",4
"O22",FALSE,"chinookDUDA","SYBR","Unknown","Undetermined",NA,8,"SAL152","Issaquah Dam, field negative",20241121,"Water filter MCE",4
"O23",FALSE,"chinookDUDA","SYBR","Unknown","Undetermined",NA,8,"SAL152","Issaquah Dam, field negative",20241121,"Water filter MCE",4
"O24",FALSE,"chinookDUDA","SYBR","Unknown","Undetermined",NA,8,"SAL152","Issaquah Dam, field negative",20241121,"Water filter MCE",4
"P1",FALSE,"chinookDUDA","SYBR","Unknown","32.64934891049903",184.859137072113,8,"Air018","Issaquah waterfall",20240826,"MCE DI water",4
"P2",FALSE,"chinookDUDA","SYBR","Unknown","32.62237301556256",188.275359776493,8,"Air018","Issaquah waterfall",20240826,"MCE DI water",4
"P3",FALSE,"chinookDUDA","SYBR","Unknown","32.87280374486899",158.842183584796,8,"Air018","Issaquah waterfall",20240826,"MCE DI water",4
"P4",FALSE,"chinookDUDA","SYBR","Unknown","27.71560593625574",5264.06598090564,8,"Air026","Issaquah waterfall",20240830,"Gelatin",4
"P5",FALSE,"chinookDUDA","SYBR","Unknown","27.935186355162926",4535.11641005066,8,"Air026","Issaquah waterfall",20240830,"Gelatin",4
"P6",FALSE,"chinookDUDA","SYBR","Unknown","28.343111193028356",3438.19990804617,8,"Air026","Issaquah waterfall",20240830,"Gelatin",4
"P7",FALSE,"chinookDUDA","SYBR","Unknown","Undetermined",NA,8,"Air038","Issaquah park bridge",20241022,"Gelatin",4
"P8",FALSE,"chinookDUDA","SYBR","Unknown","Undetermined",NA,8,"Air038","Issaquah park bridge",20241022,"Gelatin",4
"P9",FALSE,"chinookDUDA","SYBR","Unknown","Undetermined",NA,8,"Air038","Issaquah park bridge",20241022,"Gelatin",4
"P10",FALSE,"chinookDUDA","SYBR","Unknown","23.87091741778803",71572.4048020235,8,"SAL105","Issaquah Dam, by hand",20241025,"Water filter MCE",4
"P11",FALSE,"chinookDUDA","SYBR","Unknown","24.142955973601296",59504.2420935932,8,"SAL105","Issaquah Dam, by hand",20241025,"Water filter MCE",4
"P12",FALSE,"chinookDUDA","SYBR","Unknown","24.350677060868925",51678.6553690063,8,"SAL105","Issaquah Dam, by hand",20241025,"Water filter MCE",4
"P13",FALSE,"chinookDUDA","SYBR","Unknown","23.37864225458027",99969.9839048106,8,"SAL117","Issaquah Dam, by hand",20241031,"Water filter MCE",4
"P14",FALSE,"chinookDUDA","SYBR","Unknown","23.477964587889105",93452.1155175162,8,"SAL117","Issaquah Dam, by hand",20241031,"Water filter MCE",4
"P15",FALSE,"chinookDUDA","SYBR","Unknown","23.58304129600586",87018.6311409269,8,"SAL117","Issaquah Dam, by hand",20241031,"Water filter MCE",4
"P16",FALSE,"chinookDUDA","SYBR","Unknown","25.33010889898062",26581.0494732344,8,"SAL129","Issaquah Dam, by hand",20241107,"Water filter MCE",4
"P17",FALSE,"chinookDUDA","SYBR","Unknown","25.399860986702123",25351.8131242726,8,"SAL129","Issaquah Dam, by hand",20241107,"Water filter MCE",4
"P18",FALSE,"chinookDUDA","SYBR","Unknown","25.840843447844442",18793.4380070779,8,"SAL129","Issaquah Dam, by hand",20241107,"Water filter MCE",4
"P19",FALSE,"chinookDUDA","SYBR","Unknown","26.145749168278858",15279.8548087717,8,"SAL141","Issaquah Dam, by hand",20241114,"Water filter MCE",4
"P20",FALSE,"chinookDUDA","SYBR","Unknown","26.122420859525477",15523.7440738492,8,"SAL141","Issaquah Dam, by hand",20241114,"Water filter MCE",4
"P21",FALSE,"chinookDUDA","SYBR","Unknown","26.141506138397922",15323.9273342877,8,"SAL141","Issaquah Dam, by hand",20241114,"Water filter MCE",4
"P22",FALSE,"chinookDUDA","SYBR","Unknown","27.304675344435708",6957.68468757074,8,"SAL153","Issaquah Dam, by hand",20241121,"Water filter MCE",4
"P23",FALSE,"chinookDUDA","SYBR","Unknown","27.388763421822915",6571.66409760478,8,"SAL153","Issaquah Dam, by hand",20241121,"Water filter MCE",4
"P24",FALSE,"chinookDUDA","SYBR","Unknown","27.441810188459144",6339.23761182507,8,"SAL153","Issaquah Dam, by hand",20241121,"Water filter MCE",4
